-- Insert roles (管理者、無料会員、有料会員)
INSERT IGNORE INTO roles (id,name) VALUES (1,'ROLE_ADMIN');
INSERT IGNORE INTO roles (id,name) VALUES (2,'ROLE_PAID_USER');
INSERT IGNORE INTO roles (id,name) VALUES (3,'ROLE_UNPAID_USER');

-- Insert users (各ユーザーは異なるrole_idを持つ)
-- 'password123'を10回のBcryptでハッシュ化したものを例として使用

INSERT IGNORE INTO users (user_id, role_id, name, name_for_reservation, password, email, postal_code, address, phone_number, enabled)
VALUES
(1, 1, 'admin1', 'Admin One', '$2a$10$jknqQssxT9J5n6Q0nqimFeXh.Pqlu1.8vOhj8RBL.emt5XyW4X0c2', 'admin1@example.com', '1234567', '123 Admin Street', '012-3456-7890', true),
(2, 1, 'admin2', 'Admin Two', '$2a$10$3x7OrzhcGp4wDooryoMOT.o.9gSjzNj/jo9oy7ZayhMb14sBFfs1e', 'admin2@example.com', '2345678', '234 Admin Street', '012-3456-7891', true),
(3, 2, 'user1', 'User One', '$2a$10$3ZAlgOq2/DnbquZ6aheVEuzO7Sth3tW11BNAeM3zk5zGXnDxDhKVm', 'user1@example.com', '3456789', '345 User Lane', '012-3456-7892', true),
(4, 2, 'user2', 'User Two', '$2a$10$Jv2kmj95PePZJBKH.bALh.flBU1lc7KUnfSI8fRsXuuCtoUVmDBtC', 'user2@example.com', '4567890', '456 User Lane', '012-3456-7893', true),
(5, 2, 'user3', NULL, '$2a$10$kpv.hWQQN6v0kkQ8zW9y1uVVvrmL8DybTMGR6hM3XdT5iZyWG7kvu', 'user3@example.com', '5678901', '567 User Lane', '012-3456-7894', true),
(6, 3, 'paid1', 'Paid User One', '$2a$10$L1Jet8x/i5B9/OIs3RroReI.nN7JFlPWDe11hH22IHj20/66pwziq', 'paid1@example.com', '6789012', '678 Paid Street', '012-3456-7895', true),
(7, 3, 'paid2', 'Paid User Two', '$2a$10$KAugbx2zGHKjWWAtLnL9dOpeyi1UyfY5rXRxpaj1E8kw7aWBMm7hK', 'paid2@example.com', '7890123', '789 Paid Street', '012-3456-7896', true),
(8, 3, 'paid3', NULL, '$2a$10$aWHRsrkKXEJCrwiARO34ue3wrIpm2Npca/1k1CNQ0xAHf7nzFAQXG', 'paid3@example.com', '8901234', '890 Paid Street', '012-3456-7897', true),
(9, 2, 'user4', 'User Four', '$2a$10$grD31u7s0L1t78SVWanVfeVD6k8EQj88Jzrka.JiwFTmy9JvqS.MS', 'user4@example.com', '9012345', '901 User Lane', '012-3456-7898', true),
(10, 1, 'admin3', NULL, '$2a$10$02.Bd7VMHJ1Y96z4q..d0.IFZdYgpNMtWe4cxB5HVKFsGAIW5PSly', 'admin3@example.com', '0123456', '012 Admin Street', '012-3456-7899', true);

INSERT IGNORE INTO company_info (company_info_id,name, postal_code, address, phone_number, description) VALUES
(1,'サンプル株式会社', '123-4567', '東京都新宿区西新宿1-1-1', '03-1234-5678', 'サンプル株式会社は、最新のテクノロジーを活用したソリューションを提供する企業です。');

INSERT IGNORE INTO categories (category_id, category_name) VALUES
(1, 'ひつまぶし'),
(2, '味噌煮込みうどん'),
(3, '味噌カツ'),
(4, '手羽先'),
(5, 'きしめん'),
(6, 'あんかけスパ'),
(7, '天むす'),
(8, 'どて煮'),
(9, '鉄板スパ'),
(10, '台湾ラーメン'),
(11, '味噌おでん'),
(12, '小倉トースト'),
(13, 'エビフライ'),
(14, '鬼まんじゅう'),
(15, 'モーニング'),
(16, 'カレーうどん'),
(17, '名古屋コーチン'),
(18, 'ういろう（ういろ）'),
(19, 'えびせんべい'),
(20, '守口漬'),
(21, '台湾まぜそば'),
(22, 'とんちゃん');


INSERT IGNORE INTO `restaurants` (`restaurant_id`, `name`, `description`, `capacity`, `email`, `postal_code`, `address`, `phone_number`, `monday_opening_time`, `monday_closing_time`, `tuesday_opening_time`, `tuesday_closing_time`, `wednesday_opening_time`, `wednesday_closing_time`, `thursday_opening_time`, `thursday_closing_time`, `friday_opening_time`, `friday_closing_time`, `saturday_opening_time`, `saturday_closing_time`, `sunday_opening_time`, `sunday_closing_time`) VALUES
(1, 'ひつまぶし名古屋', '名古屋の伝統的なひつまぶし専門店です。', 50, 'hitsumabushi_nagoya@example.com', '460-0001', '名古屋市中区名駅南1-1-1', '052-111-2222', '11:00:00', '22:00:00', '11:00:00', '22:00:00', '11:00:00', '22:00:00', '11:00:00', '22:00:00', '11:00:00', '22:00:00', '10:00:00', '23:00:00', '10:00:00', '23:00:00'),
(2, '味噌煮込みうどんの家', '自家製の味噌で煮込んだうどんが自慢のお店です。', 40, 'misoniikomi_udon@example.com', '460-0002', '名古屋市中区栄1-2-2', '052-333-4444', '10:00:00', '21:00:00', '10:00:00', '21:00:00', '10:00:00', '21:00:00', '10:00:00', '21:00:00', '10:00:00', '21:00:00', '10:00:00', '21:00:00', '10:00:00', '21:00:00'),
(3, '味噌カツ屋', 'サクサクのとんかつに濃厚な味噌ダレをかけて。', 30, 'misokatsuya@example.com', '460-0003', '名古屋市中区新栄1-3-3', '052-555-6666', '11:30:00', '20:30:00', '11:30:00', '20:30:00', '11:30:00', '20:30:00', '11:30:00', '20:30:00', '11:30:00', '20:30:00', '11:30:00', '20:30:00', '11:30:00', '20:30:00'),
(4, '手羽先酒場', '名古屋名物手羽先が楽しめる居酒屋です。', 60, 'tebasaki_sakaba@example.com', '460-0004', '名古屋市中区名駅北2-4-4', '052-777-8888', '17:00:00', '23:00:00', '17:00:00', '23:00:00', '17:00:00', '23:00:00', '17:00:00', '23:00:00', '17:00:00', '23:00:00', '17:00:00', '23:00:00', '17:00:00', '23:00:00'),
(5, 'きしめん亭', '本場のきしめんを堪能できるお店。', 40, 'kishimen_teii@example.com', '460-0005', '名古屋市中区錦1-5-5', '052-999-0000', '10:00:00', '21:00:00', '10:00:00', '21:00:00', '10:00:00', '21:00:00', '10:00:00', '21:00:00', '10:00:00', '21:00:00', '10:00:00', '21:00:00', '10:00:00', '21:00:00'),
(6, 'あんかけスパゲッティ屋', '名古屋のあんかけスパゲッティの専門店です。', 50, 'ankake_spaghetti@example.com', '460-0006', '名古屋市中区大須2-6-6', '052-111-2223', '11:00:00', '22:00:00', '11:00:00', '22:00:00', '11:00:00', '22:00:00', '11:00:00', '22:00:00', '11:00:00', '22:00:00', '11:00:00', '22:00:00', '11:00:00', '22:00:00'),
(7, '天むす屋', '名古屋名物の天むすを提供するお店です。', 30, 'tenmusu_ya@example.com', '460-0007', '名古屋市中区中村町1-7-7', '052-222-3333', '10:00:00', '19:00:00', '10:00:00', '19:00:00', '10:00:00', '19:00:00', '10:00:00', '19:00:00', '10:00:00', '19:00:00', '10:00:00', '19:00:00', '10:00:00', '19:00:00'),
(8, 'どて煮の家', '名古屋のどて煮が楽しめるお店です。', 40, 'doteni_no_ya@example.com', '460-0008', '名古屋市中区矢場町2-8-8', '052-444-5555', '11:30:00', '20:30:00', '11:30:00', '20:30:00', '11:30:00', '20:30:00', '11:30:00', '20:30:00', '11:30:00', '20:30:00', '11:30:00', '20:30:00', '11:30:00', '20:30:00'),
(9, '鉄板スパゲッティハウス', '本格的な鉄板スパゲッティを楽しめるお店。', 50, 'teppan_spaghetti@example.com', '460-0009', '名古屋市中区名駅南1-9-9', '052-333-4445', '11:00:00', '21:00:00', '11:00:00', '21:00:00', '11:00:00', '21:00:00', '11:00:00', '21:00:00', '11:00:00', '21:00:00', '11:00:00', '21:00:00', '11:00:00', '21:00:00'),
(10, '台湾ラーメン専門店', 'ピリ辛の台湾ラーメンが楽しめるお店。', 30, 'taiwan_ramen@example.com', '460-0010', '名古屋市中区栄1-10-10', '052-555-6667', '11:30:00', '20:30:00', '11:30:00', '20:30:00', '11:30:00', '20:30:00', '11:30:00', '20:30:00', '11:30:00', '20:30:00', '11:30:00', '20:30:00', '11:30:00', '20:30:00'),
(11, '味噌おでん名店', 'あったかい味噌おでんが楽しめるお店。', 40, 'miso_oden@example.com', '460-0011', '名古屋市中区名駅北2-11-11', '052-666-7777', '17:00:00', '23:00:00', '17:00:00', '23:00:00', '17:00:00', '23:00:00', '17:00:00', '23:00:00', '17:00:00', '23:00:00', '17:00:00', '23:00:00', '17:00:00', '23:00:00'),
(12, 'エビフライ専門店', '特製のタルタルソースが自慢のエビフライ屋。', 40, 'ebi_fry@example.com', '460-0013', '名古屋市中区栄3-13-13', '052-888-9999', '11:00:00', '22:00:00', '11:00:00', '22:00:00', '11:00:00', '22:00:00', '11:00:00', '22:00:00', '11:00:00', '22:00:00', '11:00:00', '22:00:00', '11:00:00', '22:00:00'),
(13, 'モーニング専門店', 'ボリューム満点のモーニングが楽しめる喫茶店。', 50, 'morning_cafe@example.com', '460-0015', '名古屋市中区名駅南1-15-15', '052-444-0000', '07:00:00', '15:00:00', '07:00:00', '15:00:00', '07:00:00', '15:00:00', '07:00:00', '15:00:00', '07:00:00', '15:00:00', '07:00:00', '15:00:00', '07:00:00', '15:00:00'),
(14, 'カレーうどんハウス', '名古屋風のカレーうどんを提供するお店です。', 40, 'curry_udon@example.com', '460-0016', '名古屋市中区新栄1-16-16', '052-555-6668', '11:00:00', '21:00:00', '11:00:00', '21:00:00', '11:00:00', '21:00:00', '11:00:00', '21:00:00', '11:00:00', '21:00:00', '11:00:00', '21:00:00', '11:00:00', '21:00:00'),
(15, '名古屋コーチンレストラン', '名古屋コーチンを使った料理が楽しめる店。', 50, 'nagoya_cochin@example.com', '460-0017', '名古屋市中区栄2-17-17', '052-666-8888', '11:30:00', '22:30:00', '11:30:00', '22:30:00', '11:30:00', '22:30:00', '11:30:00', '22:30:00', '11:30:00', '22:30:00', '11:30:00', '22:30:00', '11:30:00', '22:30:00'),
(16, 'ういろう屋', '名古屋の和菓子、ういろうを楽しめるお店です。', 30, 'uhiro_ya@example.com', '460-0018', '名古屋市中区名駅南1-18-18', '052-777-0000', '10:00:00', '17:00:00', '10:00:00', '17:00:00', '10:00:00', '17:00:00', '10:00:00', '17:00:00', '10:00:00', '17:00:00', '10:00:00', '17:00:00', '10:00:00', '17:00:00'),
(17, '守口漬専門店', '守口漬を使った料理が楽しめるお店です。', 30, 'morikuzuke@example.com', '460-0020', '名古屋市中区名駅北2-20-20', '052-999-8888', '10:00:00', '19:00:00', '10:00:00', '19:00:00', '10:00:00', '19:00:00', '10:00:00', '19:00:00', '10:00:00', '19:00:00', '10:00:00', '19:00:00', '10:00:00', '19:00:00'),
(18, '台湾まぜそばの店', '辛さと旨味のバランスが絶妙な台湾まぜそばが自慢。', 50, 'taiwan_maze_soba@example.com', '460-0021', '名古屋市中区大須2-21-21', '052-777-4444', '11:30:00', '22:30:00', '11:30:00', '22:30:00', '11:30:00', '22:30:00', '11:30:00', '22:30:00', '11:30:00', '22:30:00', '11:30:00', '22:30:00', '11:30:00', '22:30:00'),
(19, 'カレーそば屋', 'カレー風味のそばを提供するお店です。', 30, 'curry_soba@example.com', '460-0023', '名古屋市中区名駅南1-23-23', '052-999-4444', '10:00:00', '19:00:00', NULL, NULL, '10:00:00', '19:00:00', '10:00:00', '19:00:00', '10:00:00', '19:00:00', '10:00:00', '19:00:00', '10:00:00', '19:00:00'),
(20, 'ひつまぶしの里', '本場名古屋のひつまぶしが楽しめる老舗レストラン', 50, 'info@hitsumabushi-sato.jp', '460-0008', '名古屋市中区栄1-1-1', '052-123-0001', '11:00:00', '22:00:00', '11:00:00', '22:00:00', '11:00:00', '22:00:00', '11:00:00', '22:00:00', '11:00:00', '23:00:00', '10:00:00', '23:00:00', '10:00:00', '21:00:00'),
(21, '味噌煮込み亭', '自家製味噌を使った味噌煮込みうどんが名物の食堂', 40, 'contact@misonikomi-tei.jp', '460-0012', '名古屋市中区大須3-2-4', '052-123-0002', '11:30:00', '21:00:00', '11:30:00', '21:00:00', '11:30:00', '21:00:00', '11:30:00', '21:00:00', '11:30:00', '22:00:00', '11:00:00', '22:00:00', '11:00:00', '20:00:00'),
(22, 'みそかつ村', 'サクサクの味噌カツが自慢の居酒屋', 60, 'reservation@misokatsu-mura.jp', '460-0005', '名古屋市中区新栄2-5-6', '052-123-0003', '12:00:00', '22:30:00', '12:00:00', '22:30:00', '12:00:00', '22:30:00', '12:00:00', '22:30:00', '12:00:00', '23:00:00', '12:00:00', '23:00:00', '12:00:00', '22:00:00'),
(23, '手羽先の名家', '秘伝のタレで味付けした名古屋名物の手羽先が楽しめるお店', 70, 'hello@tebasaki-meika.jp', '460-0006', '名古屋市中区錦3-7-8', '052-123-0004', '17:00:00', '23:00:00', '17:00:00', '23:00:00', '17:00:00', '23:00:00', '17:00:00', '23:00:00', '17:00:00', '24:00:00', '16:00:00', '24:00:00', '16:00:00', '22:00:00'),
(24, 'きしめん山', '名古屋ならではのきしめんを提供する和食レストラン', 55, 'info@kishimen-yama.jp', '460-0022', '名古屋市東区葵1-1-1', '052-123-0005', '10:30:00', '21:00:00', '10:30:00', '21:00:00', '10:30:00', '21:00:00', '10:30:00', '21:00:00', '10:30:00', '21:30:00', '10:00:00', '21:30:00', '10:00:00', '20:00:00'),
(25, 'あんかけスパハウス', '濃厚なあんかけスパを提供する名古屋名物レストラン', 35, 'contact@ankake-spa.jp', '460-0015', '名古屋市中区丸の内3-4-5', '052-123-0006', '11:00:00', '20:30:00', '11:00:00', '20:30:00', '11:00:00', '20:30:00', '11:00:00', '20:30:00', '11:00:00', '21:00:00', '11:00:00', '21:00:00', '11:00:00', '19:00:00'),
(26, '天むす屋', '名古屋名物の天むすが味わえるお持ち帰り専門店', 20, 'order@tenmusuya.jp', '460-0003', '名古屋市中区錦1-9-2', '052-123-0007', '10:00:00', '18:00:00', '10:00:00', '18:00:00', '10:00:00', '18:00:00', '10:00:00', '18:00:00', '10:00:00', '19:00:00', '09:30:00', '19:00:00', '09:30:00', '18:00:00'),
(27, 'どて煮場', 'じっくり煮込んだどて煮が楽しめる居酒屋', 45, 'info@dote-niba.jp', '460-0018', '名古屋市中区古渡町3-8', '052-123-0008', '17:00:00', '23:00:00', '17:00:00', '23:00:00', '17:00:00', '23:00:00', '17:00:00', '23:00:00', '17:00:00', '24:00:00', '16:00:00', '24:00:00', '16:00:00', '22:00:00'),
(28, '台湾ラーメン一番', '本場の辛さを再現した台湾ラーメン専門店', 30, 'info@taiwanramen.jp', '460-0007', '名古屋市中区大須1-7-12', '052-123-0009', '11:00:00', '21:00:00', '11:00:00', '21:00:00', '11:00:00', '21:00:00', '11:00:00', '21:00:00', '11:00:00', '22:00:00', '11:00:00', '22:00:00', '11:00:00', '20:00:00'),
(29, 'モーニングの森', '名古屋独自のモーニングが楽しめるカフェ', 25, 'reservation@morning-no-mori.jp', '460-0028', '名古屋市中村区名駅南2-5-1', '052-123-0010', '07:00:00', '14:00:00', '07:00:00', '14:00:00', '07:00:00', '14:00:00', '07:00:00', '14:00:00', '07:00:00', '14:00:00', '07:00:00', '14:00:00', '07:00:00', '14:00:00'),
(30, '名古屋カレーうどん亭', 'スパイスの効いたカレーうどんが自慢のお店', 35, 'info@nagoya-curryudon.jp', '460-0025', '名古屋市中区大須3-12-10', '052-123-0011', '11:00:00', '21:00:00', '11:00:00', '21:00:00', '11:00:00', '21:00:00', '11:00:00', '21:00:00', '11:00:00', '22:00:00', '10:30:00', '22:00:00', '10:30:00', '20:30:00'),
(31, '名古屋コーチン庵', '地元名古屋コーチンを使った料理が楽しめる専門店', 45, 'contact@nagoya-cochin-an.jp', '460-0002', '名古屋市東区東桜2-4-5', '052-123-0012', '12:00:00', '23:00:00', '12:00:00', '23:00:00', '12:00:00', '23:00:00', '12:00:00', '23:00:00', '12:00:00', '23:30:00', '11:30:00', '23:30:00', '11:30:00', '22:00:00'),
(32, 'ういろう村', '伝統のういろうをアレンジしたスイーツが魅力', 25, 'info@uirou-mura.jp', '460-0014', '名古屋市中区栄3-5-2', '052-123-0013', '10:00:00', '19:00:00', '10:00:00', '19:00:00', '10:00:00', '19:00:00', '10:00:00', '19:00:00', '10:00:00', '20:00:00', '09:30:00', '20:00:00', '09:30:00', '19:00:00'),
(33, 'えびせん家', 'さくさくのえびせんをその場で焼いてくれる店', 20, 'reservation@ebisen-ya.jp', '460-0001', '名古屋市東区白壁1-8-10', '052-123-0014', '11:00:00', '20:00:00', '11:00:00', '20:00:00', '11:00:00', '20:00:00', '11:00:00', '20:00:00', '11:00:00', '21:00:00', '11:00:00', '21:00:00', '11:00:00', '19:00:00'),
(34, '守口漬け酒場', '守口漬けを使ったおつまみが豊富な居酒屋', 50, 'info@moriguchi-sakaba.jp', '460-0020', '名古屋市中村区名駅3-7-7', '052-123-0015', '17:00:00', '23:30:00', '17:00:00', '23:30:00', '17:00:00', '23:30:00', '17:00:00', '23:30:00', '17:00:00', '24:00:00', '16:00:00', '24:00:00', '16:00:00', '22:00:00'),
(35, 'とんちゃん家', '新鮮なホルモンを使ったとんちゃんが名物の焼肉店', 60, 'contact@tonchan-ya.jp', '460-0021', '名古屋市西区那古野2-8-1', '052-123-0016', '17:00:00', '22:30:00', '17:00:00', '22:30:00', '17:00:00', '22:30:00', '17:00:00', '22:30:00', '17:00:00', '23:00:00', '16:30:00', '23:00:00', '16:30:00', '21:30:00'),
(36, 'どて煮の里', '名古屋の味「どて煮」が楽しめる温かい居酒屋', 40, 'hello@dotenino-sato.jp', '460-0016', '名古屋市中区葵2-10-12', '052-123-0017', '18:00:00', '23:00:00', '18:00:00', '23:00:00', '18:00:00', '23:00:00', '18:00:00', '23:00:00', '18:00:00', '23:30:00', '17:30:00', '23:30:00', '17:30:00', '22:00:00'),
(37, 'エビフライハウス', 'ぷりぷりのエビフライが評判の洋食店', 30, 'contact@ebifurai-house.jp', '460-0027', '名古屋市中区丸の内1-3-1', '052-123-0018', '11:00:00', '21:00:00', '11:00:00', '21:00:00', '11:00:00', '21:00:00', '11:00:00', '21:00:00', '11:00:00', '22:00:00', '10:30:00', '22:00:00', '10:30:00', '20:00:00'),
(38, '鬼まんじゅうの館', 'ほくほくの鬼まんじゅうが楽しめるお菓子屋', 15, 'info@onimanju-kan.jp', '460-0017', '名古屋市中区新栄1-5-3', '052-123-0019', '10:00:00', '18:00:00', '10:00:00', '18:00:00', '10:00:00', '18:00:00', '10:00:00', '18:00:00', '10:00:00', '19:00:00', '09:30:00', '19:00:00', '09:30:00', '18:00:00'),
(39, 'ひつまぶし家本店', '伝統のひつまぶしを味わえる本格和食店', 55, 'reservation@hitsumabushiya.jp', '460-0004', '名古屋市中区錦2-2-2', '052-123-0020', '11:30:00', '21:30:00', '11:30:00', '21:30:00', '11:30:00', '21:30:00', '11:30:00', '21:30:00', '11:30:00', '22:00:00', '11:00:00', '22:00:00', '11:00:00', '21:00:00'),
(40, '台湾まぜそば屋', '辛くてやみつきになる台湾まぜそばが人気', 40, 'info@taiwan-mazesoba.jp', '460-0013', '名古屋市中区葵3-5-7', '052-123-0021', '11:00:00', '21:30:00', '11:00:00', '21:30:00', '11:00:00', '21:30:00', '11:00:00', '21:30:00', '11:00:00', '22:00:00', '10:30:00', '22:00:00', '10:30:00', '21:00:00'),
(41, '名古屋モーニングスタンド', '地元の名物モーニングが楽しめるカフェ', 28, 'morning@nagoya-morning.jp', '460-0026', '名古屋市中村区椿町1-5', '052-123-0022', '07:00:00', '14:00:00', '07:00:00', '14:00:00', '07:00:00', '14:00:00', '07:00:00', '14:00:00', '07:00:00', '15:00:00', '07:00:00', '15:00:00', '07:00:00', '13:30:00'),
(42, 'カレーうどん茶屋', 'とろとろのカレーうどんが楽しめる隠れ家的な茶屋', 35, 'hello@curryudon-chaya.jp', '460-0011', '名古屋市中区大須2-9-4', '052-123-0023', '11:30:00', '20:00:00', '11:30:00', '20:00:00', '11:30:00', '20:00:00', '11:30:00', '20:00:00', '11:30:00', '21:00:00', '11:00:00', '21:00:00', '11:00:00', '19:30:00'),
(43, 'あんかけスパ＆ステーキ', '濃厚あんかけスパとステーキが味わえるレストラン', 50, 'reservation@ankakespa-steak.jp', '460-0024', '名古屋市中区栄4-1-10', '052-123-0024', '11:00:00', '22:00:00', '11:00:00', '22:00:00', '11:00:00', '22:00:00', '11:00:00', '22:00:00', '11:00:00', '22:30:00', '10:30:00', '22:30:00', '10:30:00', '21:00:00'),
(44, 'うなぎパイファクトリー', 'うなぎパイをモチーフにしたスイーツが楽しめるカフェ', 20, 'info@unagipai-factory.jp', '460-0006', '名古屋市東区東新町1-1-1', '052-123-0025', '10:00:00', '18:30:00', '10:00:00', '18:30:00', '10:00:00', '18:30:00', '10:00:00', '18:30:00', '10:00:00', '19:00:00', '09:30:00', '19:00:00', '09:30:00', '17:30:00'),
(45, '味噌カツ亭', '秘伝の味噌ダレが絶品の味噌カツが楽しめる店', 60, 'reservation@misokatsutei.jp', '460-0012', '名古屋市中区新栄2-10-9', '052-123-0026', '11:30:00', '21:00:00', '11:30:00', '21:00:00', '11:30:00', '21:00:00', '11:30:00', '21:00:00', '11:30:00', '22:00:00', '11:00:00', '22:00:00', '11:00:00', '20:30:00'),
(46, 'どて煮と手羽先屋', '名古屋名物どて煮と手羽先が味わえる居酒屋', 70, 'hello@doteni-tebasaki.jp', '460-0007', '名古屋市東区葵1-1-5', '052-123-0027', '17:00:00', '24:00:00', '17:00:00', '24:00:00', '17:00:00', '24:00:00', '17:00:00', '24:00:00', '17:00:00', '01:00:00', '16:30:00', '01:00:00', '16:30:00', '23:00:00'),
(47, 'ラーメン銀座', 'コクのある豚骨スープと特製麺が自慢のラーメン屋', 38, 'contact@ramen-ginza.jp', '460-0018', '名古屋市中区丸の内2-8-10', '052-123-0028', '11:00:00', '22:30:00', '11:00:00', '22:30:00', '11:00:00', '22:30:00', '11:00:00', '22:30:00', '11:00:00', '23:00:00', '10:30:00', '23:00:00', '10:30:00', '21:30:00'),
(48, 'やきとりダイニング', 'おしゃれな空間で楽しめる焼き鳥ダイニング', 45, 'reservation@yakitodining.jp', '460-0008', '名古屋市東区東桜1-5-8', '052-123-0029', '17:00:00', '23:00:00', '17:00:00', '23:00:00', '17:00:00', '23:00:00', '17:00:00', '23:00:00', '17:00:00', '23:30:00', '16:30:00', '23:30:00', '16:30:00', '22:30:00'),
(49, 'きしめんの郷', '名古屋伝統のきしめんが楽しめる老舗', 52, 'info@kishimen-no-sato.jp', '460-0023', '名古屋市中区錦3-5-3', '052-123-0030', '11:30:00', '20:30:00', '11:30:00', '20:30:00', '11:30:00', '20:30:00', '11:30:00', '20:30:00', '11:30:00', '21:00:00', '11:00:00', '21:00:00', '11:00:00', '20:00:00');

INSERT IGNORE INTO restaurant_images (restaurant_id, image_name) VALUES
    (1, 'ankakespa_001-300x200.jpg'), (1, 'ankakespa_002-147x220.jpg'), (1, 'ankakespa_003-300x200.jpg'),
    (2, 'ankakespa_004-300x200.jpg'), (2, 'ankakespa_005-300x200.jpg'),
    (3, 'betokon_001-300x200.jpg'), (3, 'betokon_002-300x200.jpg'),
    (4, 'coffeezenzai_001-300x200.jpg'), (4, 'coffeezenzai_002-300x200.jpg'),
    (5, 'curryudon_001-300x200.jpg'), (5, 'curryudon_002-147x220.jpg'), (5, 'curryudon_003-300x200.jpg'),
    (6, 'doteni_001-300x200.jpg'), (6, 'doteni_002-300x200.jpg'), (6, 'doteni_003-147x220.jpg'),
    (7, 'doteni_004-300x200.jpg'), (7, 'doteni_005-300x200.jpg'),
    (8, 'ebifurai_001-300x200.jpg'), (8, 'ebifurai_002-300x200.jpg'), (8, 'ebifurai_003-300x200.jpg'),
    (9, 'ebifurai_004-147x220.jpg'), (9, 'ebifurai_005-147x220.jpg'), (9, 'ebifurai_006-300x200.jpg'),
    (10, 'ebifurai_007-300x200.jpg'),
    (11, 'ebioroshi_001-300x200.jpg'), (11, 'ebioroshi_002-300x200.jpg'), (11, 'ebioroshi_003-300x200.jpg'),
    (12, 'ebisenbei_001-147x220.jpg'), (12, 'ebisenbei_002-300x200.jpg'), (12, 'ebisenbei_003-300x200.jpg'),
    (13, 'ebisenbei_004-300x200.jpg'),
    (14, 'hitsumabushi_001-300x200.jpg'), (14, 'hitsumabushi_002-300x200.jpg'), (14, 'hitsumabushi_003-147x220.jpg'),
    (15, 'hitsumabushi_004-147x220.jpg'), (15, 'hitsumabushi_005-300x200.jpg'),
    (16, 'kishimen_001-300x200.jpg'), (16, 'kishimen_002-147x220.jpg'), (16, 'kishimen_003-300x200.jpg'),
    (17, 'kishimen_004-300x200.jpg'),
    (18, 'koro_001-300x200.jpg'), (18, 'koro_002-300x200.jpg'),
    (19, 'mishonikomiudon_001-300x200.jpg'), (19, 'mishonikomiudon_002-300x200.jpg'), (19, 'mishonikomiudon_003-300x200.jpg'),
    (20, 'mishonikomiudon_004-147x220.jpg'), (20, 'mishonikomiudon_005-147x220.jpg'),
    (21, 'misokatsu_001-300x200.jpg'), (21, 'misokatsu_002-147x220.jpg'), (21, 'misokatsu_003-300x200.jpg'),
    (22, 'misooden_001-300x200.jpg'), (22, 'misooden_002-147x220.jpg'), (22, 'misooden_003-300x200.jpg'),
    (23, 'misooden_004-300x200.jpg'), (23, 'misooden_005-300x200.jpg'),
    (24, 'moriguchizuke_001-147x220.jpg'), (24, 'moriguchizuke_002-300x200.jpg'), (24, 'moriguchizuke_003-300x200.jpg'),
    (25, 'moriguchizuke_004-300x200.jpg'),
    (26, 'morning_001-300x200.jpg'), (26, 'morning_002-147x220.jpg'), (26, 'morning_003-300x200.jpg'),
    (27, 'morning_004-300x200.jpg'),
    (28, 'nagoyacochin_001-300x200.jpg'), (28, 'nagoyacochin_002-300x200.jpg'), (28, 'nagoyacochin_003-147x220.jpg'),
    (29, 'nagoyacochin_004-300x200.jpg'),
    (30, 'oguratoast_001-300x200.jpg'), (30, 'oguratoast_002-300x200.jpg'), (30, 'oguratoast_003-147x220.jpg'),
    (31, 'oguratoast_004-300x200.jpg'), (31, 'oguratoast_005-300x200.jpg'),
    (32, 'onimanju_001-147x220.jpg'), (32, 'onimanju_002-300x200.jpg'), (32, 'onimanju_003-300x200.jpg'),
    (33, 'shinoda_001-300x200.jpg'), (33, 'shinoda_002-300x200.jpg'),
    (34, 'taiwanmazesoba_001-300x200.jpg'),
    (35, 'taiwanramen_001-300x200.jpg'), (35, 'taiwanramen_002-300x200.jpg'), (35, 'taiwanramen_003-300x200.jpg'),
    (36, 'tamariudon_001-300x200.jpg'), (36, 'tamariudon_002-300x200.jpg'), (36, 'tamariudon_003-300x200.jpg'),
    (37, 'tebasaki_001-300x200.jpg'), (37, 'tebasaki_002-300x200.jpg'), (37, 'tebasaki_003-147x220.jpg'),
    (38, 'tebasaki_004-300x200.jpg'), (38, 'tebasaki_005-300x200.jpg'),
    (39, 'tenmusu_001-300x200.jpg'), (39, 'tenmusu_002-300x200.jpg'), (39, 'tenmusu_003-147x220.jpg'),
    (40, 'tenmusu_004-300x200.jpg'), (40, 'tenmusu_005-300x200.jpg'), (40, 'tenmusu_006-300x200.jpg'),
    (41, 'teppanspa_001-300x200.jpg'), (41, 'teppanspa_002-147x220.jpg'), (41, 'teppanspa_003-300x200.jpg'),
    (42, 'teppanspa_004-300x200.jpg'), (42, 'teppanspa_005-300x200.jpg'),
    (43, 'tonchan_001-300x200.jpg'), (43, 'tonchan_002-300x200.jpg'), (43, 'tonchan_003-300x200.jpg'),
    (44, 'uiro_001-147x220.jpg'), (44, 'uiro_002-300x200.jpg'), (44, 'uiro_003-300x200.jpg'),
(45, 'ankakespa_001-300x200.jpg'),
(45, 'ankakespa_002-147x220.jpg'),
(45, 'ankakespa_003-300x200.jpg'),
(45, 'misooden_001-300x200.jpg'),
(45, 'misooden_002-147x220.jpg'),
(46, 'morning_001-300x200.jpg'),
(46, 'morning_002-147x220.jpg'),
(46, 'morning_003-300x200.jpg'),
(46, 'morning_004-300x200.jpg'),
(46, 'nagoyacochin_001-300x200.jpg'),
(47, 'ebifurai_001-300x200.jpg'),
(47, 'ebifurai_002-300x200.jpg'),
(47, 'ebifurai_003-300x200.jpg'),
(47, 'ebifurai_004-147x220.jpg'),
(47, 'ebifurai_005-147x220.jpg'),
(48, 'hitsumabushi_001-300x200.jpg'),
(48, 'hitsumabushi_002-300x200.jpg'),
(48, 'hitsumabushi_003-147x220.jpg'),
(48, 'hitsumabushi_004-147x220.jpg'),
(48, 'hitsumabushi_005-300x200.jpg'),
(49, 'kishimen_001-300x200.jpg'),
(49, 'kishimen_002-147x220.jpg'),
(49, 'kishimen_003-300x200.jpg'),
(49, 'kishimen_004-300x200.jpg'),
(49, 'kishimen_005-300x200.jpg');




INSERT IGNORE INTO category_restaurants (restaurant_id, category_id) VALUES
(1, 1), (1, 2), (1, 3),
(2, 2), (2, 4),
(3, 1), (3, 5), (3, 6),
(4, 3), (4, 7), (4, 8),
(5, 2), (5, 3),
(6, 4), (6, 5), (6, 9),
(7, 1), (7, 10),
(8, 2), (8, 3), (8, 4),
(9, 1), (9, 5), (9, 11),
(10, 4), (10, 6),
(11, 1), (11, 2), (11, 12),
(12, 3), (12, 8),
(13, 7), (13, 9),
(14, 1), (14, 5), (14, 13),
(15, 2), (15, 3),
(16, 4), (16, 10), (16, 14),
(17, 5), (17, 6),
(18, 1), (18, 7), (18, 15),
(19, 2), (19, 3),
(20, 8), (20, 16),
(21, 1), (21, 4),
(22, 2), (22, 3), (22, 12),
(23, 1), (23, 5), (23, 9),
(24, 2), (24, 10),
(25, 3), (25, 6), (25, 13),
(26, 1), (26, 11),
(27, 4), (27, 7),
(28, 1), (28, 3),
(29, 5), (29, 2), (29, 8),
(30, 3), (30, 14),
(31, 1), (31, 4),
(32, 2), (32, 6),
(33, 1), (33, 7),
(34, 5), (34, 10),
(35, 2), (35, 12),
(36, 3), (36, 11), (36, 15),
(37, 1), (37, 8),
(38, 2), (38, 16),
(39, 3), (39, 4), (39, 9),
(40, 1), (40, 2),
(41, 5), (41, 12),
(42, 4), (42, 6),
(43, 1), (43, 3), (43, 10),
(44, 2), (44, 14),
(45, 1), (45, 11),
(46, 3), (46, 5),
(47, 2), (47, 9), (47, 16),
(48, 1), (48, 7),
(49, 2), (49, 4);
